{
  "timestamp": "2025-10-19T16:59:33.734Z",
  "duration": 72.3005146,
  "metrics": {
    "requests": 100,
    "failed": 0,
    "duration_avg": 211.43595699999997,
    "duration_p95": 401.9243499999999,
    "duration_max": 768.9077
  }
}