{"state":{"isStdOutTTY":true,"isStdErrTTY":true,"testRunDurationMs":311485.7913},"metrics":{"http_req_waiting":{"type":"trend","contains":"time","values":{"med":161.3965,"max":1025.1461,"p(90)":435.79572,"p(95)":666.7945799999999,"avg":223.5443398540144,"min":114.4793}},"vus_max":{"type":"gauge","contains":"default","values":{"value":5,"min":5,"max":5}},"iteration_duration":{"type":"trend","contains":"time","values":{"p(90)":12616.21546,"p(95)":13091.881379999999,"avg":11280.803652554743,"min":9440.1643,"med":11365.9,"max":14607.1054}},"http_req_connecting":{"type":"trend","contains":"time","values":{"avg":0.08286277372262774,"min":0,"med":0,"max":19.7972,"p(90)":0,"p(95)":0}},"vus":{"type":"gauge","contains":"default","values":{"value":1,"min":1,"max":5}},"http_req_failed":{"type":"rate","contains":"default","values":{"rate":0.4,"passes":274,"fails":411}},"errors":{"type":"rate","contains":"default","values":{"passes":274,"fails":411,"rate":0.4},"thresholds":{"rate<0.1":{"ok":false}}},"http_req_receiving":{"contains":"time","values":{"max":607.5082,"p(90)":111.30494,"p(95)":130.77854,"avg":32.890360145985404,"min":0,"med":2.5215},"type":"trend"},"group_duration":{"type":"trend","contains":"time","values":{"max":10776.8503,"p(90)":8522.37514,"p(95)":8860.840075,"avg":2929.9512531630194,"min":636.5459,"med":2121.9335499999997}},"http_req_tls_handshaking":{"type":"trend","contains":"time","values":{"avg":0.24934686131386868,"min":0,"med":0,"max":36.2137,"p(90)":0,"p(95)":0}},"checks":{"type":"rate","contains":"default","values":{"rate":0.6,"passes":411,"fails":274}},"http_req_duration":{"type":"trend","contains":"time","values":{"avg":256.4417890510947,"min":117.531,"med":218.9311,"max":1228.2106,"p(90)":462.4585800000001,"p(95)":677.4662999999997},"thresholds":{"p(95)<3000":{"ok":true}}},"patch_download_duration":{"type":"trend","contains":"default","values":{"avg":204.09489051094891,"min":121,"med":131,"max":874,"p(90)":432.6000000000011,"p(95)":670.1999999999998},"thresholds":{"p(95)<2000":{"ok":true}}},"cache_bundles_duration":{"type":"trend","contains":"default","values":{"med":253,"max":1385,"p(90)":557.0000000000002,"p(95)":833.5999999999998,"avg":332.51824817518246,"min":204},"thresholds":{"p(95)<1000":{"ok":true}}},"http_reqs":{"type":"counter","contains":"default","values":{"count":685,"rate":2.1991372291529627}},"http_req_sending":{"type":"trend","contains":"time","values":{"med":0,"max":0.513,"p(90)":0,"p(95)":0,"avg":0.007089051094890511,"min":0}},"data_received":{"values":{"count":85861366,"rate":275650.9876153699},"type":"counter","contains":"data"},"http_req_duration{expected_response:true}":{"type":"trend","contains":"time","values":{"p(90)":464.0215,"p(95)":677.09365,"avg":289.9930574209244,"min":136.2093,"med":249.7571,"max":1228.2106}},"http_req_blocked":{"type":"trend","contains":"time","values":{"p(90)":0,"p(95)":0,"avg":1.1449773722627739,"min":0,"med":0,"max":157.2723}},"data_sent":{"values":{"count":678872,"rate":2179.4637796051534},"type":"counter","contains":"data"},"iterations":{"type":"counter","contains":"default","values":{"count":137,"rate":0.4398274458305925}}},"root_group":{"id":"d41d8cd98f00b204e9800998ecf8427e","groups":[{"name":"Cache Download Flow","path":"::Cache Download Flow","id":"79c634ffe1a7498df096fcc2fe9b8e24","groups":[{"groups":[],"checks":[{"passes":137,"fails":0,"name":"cache page loaded","path":"::Cache Download Flow::View Cache Bundles::cache page loaded","id":"42b277a9935214497b3808653b24b1a5"}],"name":"View Cache Bundles","path":"::Cache Download Flow::View Cache Bundles","id":"996222872763ada7a988625b43de37cc"},{"groups":[],"checks":[{"fails":0,"name":"latest version retrieved","path":"::Cache Download Flow::Get Latest Patch Version::latest version retrieved","id":"42ebd0b9c4a89188dd0eda85f7bc0dad","passes":137}],"name":"Get Latest Patch Version","path":"::Cache Download Flow::Get Latest Patch Version","id":"13df07adc18dda385100131a21608be7"},{"groups":[],"checks":[{"passes":0,"fails":137,"name":"patch download initiated","path":"::Cache Download Flow::Download Combined Patches::patch download initiated","id":"3a18d5d605c56deb33eb497a380fdc00"}],"name":"Download Combined Patches","path":"::Cache Download Flow::Download Combined Patches","id":"ca1b4fde1d55db952bb0c34352d28170"},{"name":"Download Manifest","path":"::Cache Download Flow::Download Manifest","id":"b0a9ce43212e19315c59745a48bca181","groups":[],"checks":[{"name":"manifest downloaded","path":"::Cache Download Flow::Download Manifest::manifest downloaded","id":"686930b5de5ca489b29a31e19a3100ab","passes":137,"fails":0}]},{"path":"::Cache Download Flow::Check for Updates","id":"052acf34afa629510eae2cad70e9468f","groups":[],"checks":[{"passes":0,"fails":137,"name":"update check completed","path":"::Cache Download Flow::Check for Updates::update check completed","id":"cecceeefb66b48d21432c7e092dc79ea"}],"name":"Check for Updates"}],"checks":[]}],"checks":[],"name":"","path":""},"options":{"summaryTrendStats":["avg","min","med","max","p(90)","p(95)"],"summaryTimeUnit":"","noColor":false}}