{"state":{"isStdOutTTY":true,"isStdErrTTY":true,"testRunDurationMs":309576.432},"metrics":{"iteration_duration":{"type":"trend","contains":"time","values":{"avg":11820.042043076917,"min":9505.6782,"med":11420.7541,"max":21967.5151,"p(90)":13236.223640000002,"p(95)":14211.680025}},"http_req_waiting":{"type":"trend","contains":"time","values":{"min":114.2029,"med":178.57684999999998,"max":8774.5114,"p(90)":458.94677,"p(95)":661.5418549999997,"avg":301.69112599999977}},"http_req_failed":{"values":{"rate":0.4,"passes":260,"fails":390},"type":"rate","contains":"default"},"cache_bundles_duration":{"type":"trend","contains":"default","values":{"p(90)":613.4000000000001,"p(95)":886.4999999999998,"avg":488.76153846153846,"min":231,"med":278,"max":8831},"thresholds":{"p(95)<1000":{"ok":true}}},"data_received":{"type":"counter","contains":"data","values":{"count":81489829,"rate":263230.08012444567}},"checks":{"type":"rate","contains":"default","values":{"rate":0.6,"passes":390,"fails":260}},"http_req_receiving":{"values":{"p(90)":176.98408,"p(95)":198.14381999999992,"avg":55.23470015384616,"min":0,"med":4.7255,"max":719.2264},"type":"trend","contains":"time"},"group_duration":{"type":"trend","contains":"time","values":{"avg":3117.3045733333324,"min":631.1984,"med":2121.1668499999996,"max":19124.6473,"p(90)":8738.88864,"p(95)":9218.747505}},"http_req_sending":{"contains":"time","values":{"avg":0.005848923076923076,"min":0,"med":0,"max":0.5599,"p(90)":0,"p(95)":0},"type":"trend"},"http_req_duration":{"type":"trend","contains":"time","values":{"min":118.7936,"med":255.73579999999998,"max":8830.1837,"p(90)":528.4558100000002,"p(95)":720.640614999999,"avg":356.93167507692283},"thresholds":{"p(95)<3000":{"ok":true}}},"data_sent":{"type":"counter","contains":"data","values":{"count":675659,"rate":2182.527253883461}},"vus":{"type":"gauge","contains":"default","values":{"value":1,"min":1,"max":5}},"http_req_duration{expected_response:true}":{"type":"trend","contains":"time","values":{"max":8830.1837,"p(90)":567.4434699999999,"p(95)":822.8748949999986,"avg":430.340466923077,"min":130.9066,"med":290.4685}},"iterations":{"contains":"default","values":{"count":130,"rate":0.4199286074852106},"type":"counter"},"http_req_blocked":{"type":"trend","contains":"time","values":{"avg":13.027538,"min":0,"med":0,"max":1862.5469,"p(90)":0,"p(95)":0}},"vus_max":{"type":"gauge","contains":"default","values":{"value":5,"min":5,"max":5}},"http_reqs":{"type":"counter","contains":"default","values":{"count":650,"rate":2.0996430374260533}},"patch_download_duration":{"values":{"avg":205.23076923076923,"min":118,"med":126.5,"max":772,"p(90)":434.3,"p(95)":543.8999999999999},"thresholds":{"p(95)<2000":{"ok":true}},"type":"trend","contains":"default"},"http_req_connecting":{"type":"trend","contains":"time","values":{"max":18.382,"p(90)":0,"p(95)":0,"avg":0.10873015384615384,"min":0,"med":0}},"http_req_tls_handshaking":{"contains":"time","values":{"p(90)":0,"p(95)":0,"avg":0.5998883076923076,"min":0,"med":0,"max":244.0031},"type":"trend"},"errors":{"contains":"default","values":{"rate":0.4,"passes":260,"fails":390},"thresholds":{"rate<0.1":{"ok":false}},"type":"rate"}},"root_group":{"name":"","path":"","id":"d41d8cd98f00b204e9800998ecf8427e","groups":[{"name":"Cache Download Flow","path":"::Cache Download Flow","id":"79c634ffe1a7498df096fcc2fe9b8e24","groups":[{"name":"View Cache Bundles","path":"::Cache Download Flow::View Cache Bundles","id":"996222872763ada7a988625b43de37cc","groups":[],"checks":[{"path":"::Cache Download Flow::View Cache Bundles::cache page loaded","id":"42b277a9935214497b3808653b24b1a5","passes":130,"fails":0,"name":"cache page loaded"}]},{"checks":[{"name":"latest version retrieved","path":"::Cache Download Flow::Get Latest Patch Version::latest version retrieved","id":"42ebd0b9c4a89188dd0eda85f7bc0dad","passes":130,"fails":0}],"name":"Get Latest Patch Version","path":"::Cache Download Flow::Get Latest Patch Version","id":"13df07adc18dda385100131a21608be7","groups":[]},{"name":"Download Combined Patches","path":"::Cache Download Flow::Download Combined Patches","id":"ca1b4fde1d55db952bb0c34352d28170","groups":[],"checks":[{"id":"3a18d5d605c56deb33eb497a380fdc00","passes":0,"fails":130,"name":"patch download initiated","path":"::Cache Download Flow::Download Combined Patches::patch download initiated"}]},{"id":"b0a9ce43212e19315c59745a48bca181","groups":[],"checks":[{"path":"::Cache Download Flow::Download Manifest::manifest downloaded","id":"686930b5de5ca489b29a31e19a3100ab","passes":130,"fails":0,"name":"manifest downloaded"}],"name":"Download Manifest","path":"::Cache Download Flow::Download Manifest"},{"id":"052acf34afa629510eae2cad70e9468f","groups":[],"checks":[{"name":"update check completed","path":"::Cache Download Flow::Check for Updates::update check completed","id":"cecceeefb66b48d21432c7e092dc79ea","passes":0,"fails":130}],"name":"Check for Updates","path":"::Cache Download Flow::Check for Updates"}],"checks":[]}],"checks":[]},"options":{"summaryTrendStats":["avg","min","med","max","p(90)","p(95)"],"summaryTimeUnit":"","noColor":false}}