{"metrics":{"checks":{"values":{"rate":0.7145864028625553,"passes":3395,"fails":1356},"type":"rate","contains":"default"},"group_duration":{"type":"trend","contains":"time","values":{"p(95)":44410.182049999996,"avg":11278.55598631445,"min":1119.5328,"med":8097.8520499999995,"max":52506.6287,"p(90)":33421.10588999996}},"add_to_cart_duration":{"type":"trend","contains":"default","values":{"max":9382,"p(90)":8689.2,"p(95)":8919.8,"avg":5368.571428571428,"min":119,"med":6233},"thresholds":{"p(95)<300":{"ok":false}}},"cart_view_duration":{"type":"trend","contains":"default","values":{"med":6201,"max":9394,"p(90)":8682.2,"p(95)":8909.2,"avg":5360.618556701031,"min":127},"thresholds":{"p(95)<400":{"ok":false}}},"http_req_duration{expected_response:true}":{"type":"trend","contains":"time","values":{"med":6227.0112,"max":9612.3622,"p(90)":8701.30838,"p(95)":8949.12322,"avg":5371.654181885136,"min":127.6457}},"http_req_blocked":{"type":"trend","contains":"time","values":{"avg":0.4837849395814915,"min":0,"med":0,"max":54.1722,"p(90)":0,"p(95)":0}},"store_page_duration":{"thresholds":{"p(95)<500":{"ok":false}},"type":"trend","contains":"default","values":{"min":152,"med":6251,"max":9609,"p(90)":8677.2,"p(95)":8932,"avg":5390.726067746687}},"data_sent":{"type":"counter","contains":"data","values":{"count":2073542,"rate":2842.9622527921792}},"data_received":{"contains":"data","values":{"count":83500619,"rate":114484.83218655876},"type":"counter"},"iteration_duration":{"type":"trend","contains":"time","values":{"max":56199.555,"p(90)":52888.29565,"p(95)":53784.767974999995,"avg":36322.585706508864,"min":8822.4939,"med":40549.61115}},"http_req_duration":{"type":"trend","contains":"time","values":{"avg":5372.666118803413,"min":118.9477,"med":6227.0112,"max":9612.3622,"p(90)":8707.334060000001,"p(95)":8956.080639999998},"thresholds":{"p(95)<800":{"ok":false}}},"http_req_waiting":{"type":"trend","contains":"time","values":{"p(90)":8705.34324,"p(95)":8944.582219999998,"avg":5368.236146831725,"min":118.4521,"med":6221.5665,"max":9609.1999}},"http_req_tls_handshaking":{"values":{"max":44.5507,"p(90)":0,"p(95)":0,"avg":0.3537076923076924,"min":0,"med":0},"type":"trend","contains":"time"},"http_req_receiving":{"type":"trend","contains":"time","values":{"p(95)":12.197379999999994,"avg":4.424059180666082,"min":0,"med":1.1695,"max":231.1847,"p(90)":8.993240000000004}},"http_reqs":{"type":"counter","contains":"default","values":{"count":3393,"rate":4.652025820419294}},"http_req_sending":{"type":"trend","contains":"time","values":{"avg":0.005912791040377246,"min":0,"med":0,"max":0.8005,"p(90)":0,"p(95)":0}},"http_req_failed":{"type":"rate","contains":"default","values":{"rate":0.39964633068081346,"passes":1356,"fails":2037}},"http_req_connecting":{"type":"trend","contains":"time","values":{"max":12.4534,"p(90)":0,"p(95)":0,"avg":0.12917247273798999,"min":0,"med":0}},"vus":{"type":"gauge","contains":"default","values":{"value":1,"min":1,"max":50}},"vus_max":{"type":"gauge","contains":"default","values":{"min":50,"max":50,"value":50}},"iterations":{"values":{"count":676,"rate":0.9268403933402425},"type":"counter","contains":"default"},"errors":{"type":"rate","contains":"default","values":{"rate":0.39964633068081346,"passes":1356,"fails":2037},"thresholds":{"rate<0.01":{"ok":false}}}},"root_group":{"path":"","id":"d41d8cd98f00b204e9800998ecf8427e","groups":[{"groups":[{"name":"Load Homepage","path":"::Store Browse Flow::Load Homepage","id":"5c9c8ebcf1f5cc19e2c6a4333ca0ce39","groups":[],"checks":[{"path":"::Store Browse Flow::Load Homepage::homepage loaded","id":"51cb21fae5131420df48e1e57cfa0852","passes":679,"fails":0,"name":"homepage loaded"},{"name":"homepage has content","path":"::Store Browse Flow::Load Homepage::homepage has content","id":"d9c067676e57e3c561eb537e26cf9b83","passes":679,"fails":0}]},{"checks":[{"path":"::Store Browse Flow::Browse Store::store page loaded","id":"591ebf26466c94876cf6d73cdfaf7a82","passes":679,"fails":0,"name":"store page loaded"},{"name":"store has products","path":"::Store Browse Flow::Browse Store::store has products","id":"e0d50d34f6639ed945fb62de5fb3988b","passes":679,"fails":0}],"name":"Browse Store","path":"::Store Browse Flow::Browse Store","id":"60d0ae86c93f87d5a24450d5f4d77595","groups":[]},{"path":"::Store Browse Flow::Add to Cart","id":"85a961a1e16b17664ee42a7d49fd04ff","groups":[],"checks":[{"fails":679,"name":"item added","path":"::Store Browse Flow::Add to Cart::item added","id":"1b642ade96e5a796ce536d37acf8892e","passes":0}],"name":"Add to Cart"},{"checks":[{"name":"cart loaded","path":"::Store Browse Flow::View Cart::cart loaded","id":"0e7a96386a8375f31fe87fe4914789e2","passes":679,"fails":0}],"name":"View Cart","path":"::Store Browse Flow::View Cart","id":"58ce404b75403f30777020f29a93adde","groups":[]},{"groups":[],"checks":[{"path":"::Store Browse Flow::Update Cart::cart updated","id":"53064c8dec7dbd341d0e66215763523f","passes":0,"fails":677,"name":"cart updated"}],"name":"Update Cart","path":"::Store Browse Flow::Update Cart","id":"31a49c7c5d723aa321d80d3ff940b178"}],"checks":[],"name":"Store Browse Flow","path":"::Store Browse Flow","id":"a2e6abf392d5a665b643726ae522a1e8"}],"checks":[],"name":""},"options":{"summaryTrendStats":["avg","min","med","max","p(90)","p(95)"],"summaryTimeUnit":"","noColor":false},"state":{"isStdOutTTY":true,"isStdErrTTY":true,"testRunDurationMs":729359.6663}}